Date;Projet;Description;"Temps (en heure) (séparateur , pour les minutes)";Tache
2026-09-30;IR;Winetracker;5,5;TMA
2026-09-30;IVSO;TMA;1;TMA
2026-09-30;Aurouze;TMA Tuenet;1;TMA
2026-09-30;Aurouze;Dev opencarto;35;sprint carto suivi
2026-09-30;ODGNantes;TMA;2;TMA
2026-09-30;VinsIGP;TMA;2;TMA
2026-09-30;ODGProvence;TMA;2;TMA
2026-09-30;Centre;TMA;0.5;TMA
2026-09-30;CIVA;TMA;4,5;TMA
2026-09-30;CIVA;Reunion;2;TMA
2026-09-30;CIVA;TMA Vrac;2,5;TMA
2026-09-30;CIVP;Cravate TMA;4,5;TMA
2026-09-30;IGPAtlantique;TMA;1;TMA
2026-09-30;IVBD;TMA;0,5;TMA
2026-09-30;Prodimmo;Fix cron;12,5;Prodimmo
