2026-09-30;Juricaf;TMA;7;TMA
2026-09-30;Prodimmo;Metacompta;3,5;Metacompta
2026-09-30;IVSO;AdminSys;10,5;TMA
2026-09-30;IVBD;AdminSys;7;TMA
2026-09-30;ODGProvence;TMA;1;TMA
2026-09-30;BIVC;TMA;3,5;TMA
2026-09-30;CNIV;TMA;3,5;TMA
2026-09-30;VinsIGP;TMA;7;TMA
2026-09-30;CentreLoire;TMA;8;TMA
2026-09-30;IR;AdminSys;3,5;TMA
2026-09-30;IVSE;TMA;3,5;TMA
2026-09-30;IGPAtltantique;Dev;24,5;Forfait
2026-09-30;ODGRhone;vci + manquant;7;TMA
2026-09-30;ODGRhone;Certipaq;14;TMA
2026-09-30;CIVA;TMA;1,5;TMA
2026-09-30;ASSVAS;TMA;1;TMA
